Study_Hours,Attendance,Previous_Scores,Participation,Performance
2.266551501399881,45.93682536328166,63.11775611198784,1.7745193095921918,Low
5.996983461934848,94.16894427371305,80.25352159727599,5.509955680220454,High
5.570296776508945,64.95279625968998,51.951987169162834,2.436133457994136,Medium
5.915878617925735,87.60055963689602,54.36933381635345,2.2416493698450397,Medium
2.83968567189656,60.824397529345035,42.69195618207609,2.6965547953198614,Low
3.621171088331933,45.4244850053507,44.72118023275236,1.1741721024372684,Low
3.250883231823356,56.907909229501364,38.45005900703814,2.474537482304217,Low
8.688770118842655,87.47843594409417,70.55825003625158,4.672126970813666,High
4.894751432812029,83.19174510419181,63.15818758788718,4.271594114156623,Medium
2.5085585997260127,93.40450446023145,72.72139930170957,5.954917055974096,Medium
2.6444273286988786,41.248275303542556,58.925441987533475,2.8792487005891747,Low
8.311531530744666,96.15026079147417,81.63865420337518,5.38137927267528,High
5.4073682557930605,78.3986720443336,63.80503266784849,4.385798455533891,Medium
0.08487713626953575,66.71340076450466,36.09952536729034,1.6390022382046805,Low
0.37841518938760643,62.131966282376894,49.528412444378354,2.011820277042092,Low
3.579729279999355,52.48030668261181,37.27357048713778,1.5115834217772446,Low
1.9406672692150175,56.80946064333382,58.596917198618,1.7534971911719133,Low
6.022251046058937,72.03974143196511,43.21200262098833,4.318140029611262,Medium
2.042477564195692,70.76007138598598,44.60555491321306,0.5099619506270741,Low
2.044634209243618,60.21311648671942,54.51661008787613,0.4761817595150326,Low
6.407425708963997,99.01190685753008,72.75751774483757,1.9171861692531835,Medium
1.2259329076739391,59.39339186185379,90.39550495970745,0.0,Low
2.144181165411475,52.91593233089537,55.24700036851861,0.17407596166928085,Low
1.3065870669424364,44.862856073871725,34.93918104736984,2.2391937602061938,Low
1.3482556588515267,41.96860323744055,48.5680362936639,0.6608187267621739,Low
4.536241814797041,64.1586405699451,43.356304998003225,4.770421696346644,Medium
2.3332006574505693,62.67126651011483,48.791003760548584,2.052070623128843,Low
4.281877067504784,85.08725023229934,57.50415914498862,1.0472436798429197,Medium
6.883634188360281,64.18809297967867,83.73085413340243,4.982463376332535,Medium
0.6580890466707441,68.95038314076115,41.756895881066974,3.216197968387565,Low
4.719692533757962,75.1693894831656,68.2485112630713,2.5092059877477197,Medium
1.3404034125887376,61.467930119855495,40.46663237893395,2.630287314342487,Low
4.1704668265306,76.12220628255425,76.08277027779997,0.7152526438862017,Low
8.294832164767362,100.0,85.18135850823133,6.146505565122503,High
9.547766809202953,92.31469352094167,100.0,4.103252389567551,High
2.771659440444542,71.08807774584713,82.212276431774,1.3103403211981348,Medium
2.4005753988038885,38.48184598670695,57.231000910030794,1.4257742155805468,Low
3.3344461934351557,52.8084668075758,55.530997209762795,1.8144065805877458,Low
5.123425983913136,77.88869761172306,75.90695947324377,3.403480459578094,Medium
3.598220562598027,50.12820472848816,21.08491130981585,0.22395416266616097,Low
1.2240673248494418,58.68743032907695,45.81674908773865,1.4001514068032943,Low
4.114021160278369,60.768518829587684,62.67736956776483,2.403942128871101,Low
5.448347185428876,57.751440181919214,49.26654224788842,1.9326604548161945,Low
7.455742159340511,88.4999741917654,68.92215229794638,6.27375154589882,High
1.3317462178988424,61.68654671966728,49.213933241337955,0.9948271993186506,Low
7.1800767156765515,84.41940649569409,95.56158274383236,5.757576872074239,Medium
4.369358218596068,49.096009225571535,68.70337573302079,0.23573999516782917,Low
4.2157099592700975,94.10932379746271,69.06993985950952,4.731340445630078,Medium
4.369719774356215,79.01411867715738,84.2717391558713,5.772836639439943,Medium
1.5773230867092392,60.188496229448475,44.50239469447922,2.721362139123343,Low
5.9833242334485846,100.0,64.44192619759922,5.696213659402755,High
3.6220220802737026,82.33216131263502,56.133010178056686,3.207554430005531,Medium
6.493788849871898,100.0,100.0,7.554131476569384,High
6.848303652343807,97.87124165201824,85.89010377256044,3.8655376121074907,High
4.947972668919828,73.87562625359563,66.34924030937474,2.5448136094305345,Medium
8.351322098804781,98.61503525206102,85.5024270558768,5.403663351762418,High
4.325750739221116,48.56273792679338,78.56204884359511,3.8564806362679973,Low
0.5024689388918135,61.085597057765234,74.38938373043095,2.569651454061344,Low
3.476483597714876,59.66770009355539,83.281703501722,0.547931362234632,Low
1.6790167336617365,57.918831427274604,47.61432184399923,1.5345384419226447,Low
1.9258044355213506,58.71462488561069,54.434367331206424,1.0785152838555585,Low
3.0122292382499056,41.18150954502361,27.250361758688133,0.9353165116496973,Low
3.315916967656552,74.51275092259039,92.15401639177412,5.468334337835168,Medium
2.573614619276076,60.928449011411146,32.48330673098097,0.0,Low
2.2496783123195843,61.598563919974005,53.251633456439436,4.41317128360156,Low
5.738676896012223,69.72324859074041,53.54046208550734,5.242344535276934,Medium
2.433752965861727,72.65707840864701,41.16699759891956,3.636292505905547,Low
8.682950209866341,71.33825151785499,57.441063534254496,3.3055907319621127,Medium
1.043390023623026,69.69457200526736,40.881871089862734,1.775088921381336,Low
7.203504567497274,99.27194361871685,81.91315945276531,3.850272278212932,High
4.065289210362853,73.53772690156197,61.775968076123846,3.2130063893997955,Medium
1.166784321259618,77.75310892609512,62.50000867670461,2.7404822714647263,Low
1.0439193090402235,48.0636316824352,33.4270581040622,3.9440945926720943,Low
6.783524796661328,89.19154173610002,73.308121405208,2.339264774796322,Medium
7.130756371984782,90.00582318042979,88.26938728458337,3.4517410945221014,Medium
4.143880559375786,73.29379790923355,62.30205453229906,3.7730511696512163,Medium
3.751466640343657,93.92465300064329,59.23121663878597,1.9063161967112725,Medium
2.707123334579606,57.49953485401047,46.542130622296234,2.8870238626376006,Low
1.1716654335785432,62.88693629279857,67.69587812541064,0.9140145023860864,Low
2.9493977266332663,62.603218387712204,52.911614464300364,1.706914473234464,Low
8.30438453127695,93.65691258529452,82.03178558088602,5.322075942132184,High
2.726383827504152,88.10808273159782,77.2581497678206,2.8159922414204885,Medium
4.321257801995093,67.93488720552213,33.46561775245365,1.989432521779168,Low
4.693816509643282,42.51468026761819,60.22039265664422,1.6765856321479664,Low
1.0808169642734207,73.04340242878152,56.12910961552652,1.4422131765820017,Low
1.4184476600960236,43.37508011964326,45.38287293291674,0.9073075674794859,Low
5.428798086087357,90.32546204341658,57.421213023291536,4.479287006174433,Medium
5.501685184980538,91.26705136827583,56.69978616574814,6.4804259027384274,Medium
8.987816409009245,84.09033569784802,98.02226004518866,6.209830849258691,High
5.015306808149525,55.891857120454155,68.43470753733592,3.4941773223666934,Low
1.7345791587589259,48.94295331514064,40.44038379456808,0.0,Low
3.802554133192319,77.85078969711265,76.87580055327226,4.236642158940654,Medium
2.931021157978209,76.91965715814258,38.694594720968965,2.3539475215434003,Medium
3.9036049400871216,87.7966053226934,61.23073404014201,1.7846126087021479,Medium
4.950309540689305,93.10308746119608,69.53411600693647,2.8909428888114457,Medium
4.691836795276681,73.95683810789956,36.354748745272495,3.7878490016203594,Low
4.223583051445743,74.37831973421697,55.95240437815606,5.425023743004468,Medium
2.3356819274583476,57.90778126255472,39.983306652966704,2.3645070830815995,Low
1.9753656558908719,43.1656180777905,54.3828909248956,0.0,Low
3.782589910172126,51.94129933503811,47.19006472390438,1.7055790229180947,Low
5.790398638810433,69.64851633097457,20.0,2.4525500133526035,Low
4.203696840619519,96.15582823548232,38.18949771047401,4.263304344367897,Medium
1.2658408362226667,47.65651128120078,40.89702233214237,0.0,Low
6.566241315603608,74.07535740847106,76.86529879080328,2.664523227970192,Medium
9.022837234439468,94.73594243041073,48.78742735912148,5.903883353776925,High
4.77006098860405,62.80161158819607,42.50404735772554,2.804436364275785,Low
2.875892277988946,51.90396480078354,42.106282152238684,0.0,Low
4.461061863819411,84.2406104446409,90.82506667312671,3.7568140367802125,Medium
2.8859822460384636,55.26160652929084,44.22467282430705,2.2145731548184284,Low
3.6630553708743614,59.855477291217206,55.74483477111393,3.2744179827743194,Low
3.2307232717960463,65.462842480037,52.118857101311946,3.039286376356155,Low
2.7609110466609463,60.064222698109376,20.0,2.8738569782132077,Low
9.600012034383731,90.63614109473431,100.0,4.8000892399470985,High
6.753943385668509,78.90390196074169,73.23094758184432,1.1379967943150389,Medium
7.07323848655629,79.11637040794665,77.62402959511884,3.4104208644078984,Medium
8.973064831384464,91.29988970117873,100.0,7.50244773781284,High
4.749322879524718,77.41203937332898,38.73830590752117,6.090181791286647,Medium
2.220070529649984,75.98647170504717,75.87044974641663,3.065823653446678,Low
9.809763449762535,100.0,85.68828720899467,6.644011234202601,High
3.774596493519146,77.0451968197084,74.30993356604515,4.569459472578949,Medium
5.553009963309352,86.96954404510736,69.31731632048137,3.165821879858829,Medium
7.409991781508959,91.6618051024399,83.63645499902935,5.80490955966957,High
2.043117234402226,71.73124637586642,41.452506076418615,4.5036042887394965,Low
3.917677793910948,63.69642192198094,54.942631033595134,0.5861629913121855,Low
2.286648602029855,58.92697855995771,27.242394549924814,4.422168186064777,Low
2.0696548222342233,64.47716925810278,61.258687512826484,1.5169577682619124,Low
2.960215788530121,64.29123847931501,63.757083926721194,5.9881481636426175,Medium
9.119380349040831,83.73232531090194,73.04895991439463,3.889777485753693,High
2.9682262717116132,48.060749936009444,43.24980713006279,2.878856301746974,Low
8.24488208495819,81.42943094763707,88.8572382529386,2.894844796078567,Medium
1.5383326475704988,77.32514999485092,41.96997369475665,0.0,Low
2.3287254914959084,82.31300146192632,55.3768042731443,2.3278010636164184,Low
2.3740755255661328,66.38051101440757,39.0356558642679,3.5142076828939532,Low
4.366179919645211,65.00844474944456,61.368827748854294,0.7325878421097554,Low
7.857056701419572,76.9894226584726,100.0,3.751476059312398,High
2.4185322886555087,54.57326200265978,77.72913249944617,1.8622328534975674,Low
5.911844764574809,72.12216248091761,67.36654081751176,3.8688470068342284,Medium
5.279913684734537,73.79152401748884,80.0298220713686,4.8224794413317476,Medium
1.3303495781742076,58.318561814152105,51.47101309308417,3.424391857046732,Low
8.291134989347462,90.27909422302872,100.0,5.910877228091259,High
9.610447624789657,75.20700189624212,79.21751418586905,8.783254972191394,High
0.46022705088340965,67.47910256117534,61.17507969315922,2.3363521168029378,Low
2.199454511220314,49.27256974260193,47.079540558249775,1.4803602409896506,Low
0.9498187775912401,62.39246864111149,49.037177343372534,0.0,Low
3.7925699433872637,80.74082669749973,51.37628726672559,1.6060107195257483,Low
0.0,50.80615408413577,53.78360594640016,1.4954195818832956,Low
4.161617229092617,54.697124772536704,68.25656435317063,5.440457194422206,Medium
5.565817812596781,77.13995778119889,73.22069774755789,4.693725436100281,Medium
4.348286043851511,71.00959634998571,73.67177086343277,0.2309463175510742,Low
1.9013746083905183,79.58347454220593,64.78174528422828,2.258381579616556,Low
7.167200709960202,82.70450405547584,100.0,7.00729675759358,High
4.821735604160885,64.96699223236521,43.16690710964194,4.29204703908175,Low
0.0,55.34689543219947,36.66138757657514,3.331255951121089,Low
0.0,58.94051645695864,64.3295083735663,3.1412699814672167,Low
8.66002167508,100.0,100.0,6.090128991922746,High
1.2469186634710834,44.970296716048466,72.09006013626473,2.5824680081351743,Low
3.46815077430393,82.53739661494573,60.94029061046156,5.874257351059239,Medium
6.06253467094903,84.67693171765433,66.5567701695948,2.000833903780525,Medium
2.3657010706567982,70.85786324939347,25.407737562118488,1.4758410091745662,Low
4.1538820538949075,80.97983153470895,64.1129334090869,2.841146876865639,Medium
0.0795434019936585,63.08050539504102,64.94855765869171,2.568729678089186,Low
6.308685992420217,76.08351432578209,63.002569311577034,5.845333263476181,Medium
5.975301766937991,82.69126941245108,79.60719692801236,3.104538569918389,Medium
4.851236204330926,76.56807724502589,67.14245341003283,0.41454344879584326,Medium
4.769955494071499,66.21571889856051,54.86085542332341,1.3816688824632948,Low
3.394872850510771,76.30389663956366,52.78462915276499,5.37021059802611,Medium
0.0,63.77100393902187,51.27814174450852,2.8064448544248197,Low
0.9621378951781334,59.707371863150215,20.0,2.642279371715864,Low
1.9316209754667533,71.26050250772168,47.19655762757023,1.5800100471882805,Low
5.3650091739840375,79.48606276411513,45.5429013442729,2.0814538956703204,Medium
4.638145913215505,62.26967531793119,88.08991774820224,4.772941482436702,Medium
2.5280830947714454,72.61921500713991,61.661110291467665,0.748577284948063,Low
3.122690863714334,70.94267699137382,77.00006472949121,7.276145100070684,Medium
4.165646906109889,53.4623366135118,72.8150934073907,2.855760812531774,Low
4.876773232411146,74.04338705956508,55.766252187627444,3.1290275461690733,Medium
3.6759437473821914,73.74438093170818,76.21044796873338,1.0829221289170576,Low
5.5140880195665565,58.64325786021304,83.98287346390578,3.8605836900796175,Medium
2.685129828730676,91.37748533659993,46.45167069171581,1.6407471169673753,Low
8.854650920348305,100.0,100.0,7.675250663294931,High
2.6715628400259726,62.2323891412916,33.40559731382549,2.2796242546160697,Low
2.964084139801316,59.451059993837134,37.632287577084895,0.902552391637208,Low
3.9937287951986473,62.85554074857657,40.8711541514045,4.835661027733674,Low
8.294781754552206,100.0,82.06533437903977,6.073962497280334,High
9.063505636382768,100.0,74.15163535859621,7.153259513953345,High
1.86539645856916,65.55604466003449,68.34624600642988,1.0876602388328611,Low
7.160175823174209,80.8958068125525,66.11718399445253,4.544673441616785,Medium
3.9854115469110956,78.02661579692673,75.2875745253532,4.466664986714793,Medium
7.701410649366224,78.48726716346488,61.44472950379479,1.1655260618557706,Medium
4.939763074033485,78.0509171964732,42.69095049177224,7.02291266569096,Medium
0.0,71.33770096867065,54.05086037587133,3.935966691383821,Low
2.192156622366184,65.93556722280861,21.316175368703348,1.4042070257810186,Low
6.978422513787679,65.5961136533572,88.97048930871797,4.346595389316217,High
9.260965323483086,100.0,69.47527441750785,6.521342420705328,High
4.021064031046413,81.94736194718774,99.80913998846212,4.1300465491215945,Medium
1.3307248501778304,59.81291243554102,63.67044083262083,2.533503422844844,Low
0.0,56.11481546911114,51.5863068690722,2.2873660942911345,Low
4.321540521126385,91.24112719986013,88.95560016482003,4.759361483958889,Medium
4.364181010056565,100.0,77.30526033801397,8.17095854908771,High
5.624145764771415,87.27122332176391,98.15219068005139,6.852154807692969,High
6.1406219842164464,84.07052287124534,72.99715650578071,2.4255167516350884,Medium
6.178700237976249,70.28343265458714,73.96030122000505,6.0438442790686775,Medium
2.638186342677447,46.203818352110694,69.08530250160152,4.460921845232431,Low
0.5495357853061806,53.73282775410035,60.98738154169703,6.728085101768127,Low
7.92843296578703,100.0,94.33085494237535,4.314758950140603,High
4.994596191364147,89.53125045376086,45.17668845657556,4.364323019725412,Medium
0.26245296621118586,65.13085420097293,35.59930557080804,0.0,Low
4.255097452650726,67.25095786847997,48.15936599606414,2.8297237345688138,Low
6.316043435863508,85.16178287114958,71.40058561414976,3.177699552749841,Medium
1.668553739255504,53.585184047770476,33.046944129891145,4.88516869223743,Low
2.040328758491796,64.31922544673941,86.17515013367631,0.8380775449721272,Low
5.312574211921329,88.00409525227683,92.74591082880359,1.4662254430491073,Medium
1.937397697363564,87.54291329813574,79.03177480588725,3.2931043889462206,Medium
4.629233926219104,91.88913371474644,71.08055291925618,1.0367683431742938,Medium
0.9770236280033022,67.08303847201064,46.81686545148273,3.126649181760965,Low
3.497569985157627,83.51448207541583,55.72122309966647,0.9023754306155194,Medium
1.5783495606710676,70.70150238316427,51.16220777778294,2.0426863717747383,Low
4.696529790274283,59.7347874075094,53.86628810214126,0.0,Low
5.961264291900514,71.18125348772283,51.37359136777563,3.5195532931950373,Medium
4.143231515325805,78.36933036056236,75.01264625867346,6.465067233706801,Medium
5.858874172034238,72.55097355193551,67.67111426762877,4.540971837153693,Medium
7.099033154879003,73.24821725025619,41.382886631839135,2.704759592552599,Medium
6.386950524369153,78.55481329284483,57.09422483830747,3.9531947665913743,Medium
2.0894455548802613,52.075800790000386,43.79591699867534,2.02702530806667,Low
1.0295948334416392,56.9203847036096,78.31531486010286,2.7089455187651086,Low
3.047334970420385,41.063853330462145,58.34829686800637,0.0,Low
2.5902280781326246,62.13293707372939,29.96777646350163,2.888850910770996,Low
9.342789830041598,95.01205475362224,97.29054434126455,1.943412552595837,High
2.9527577025229546,51.82911368931809,26.79044016592452,1.0551731714542845,Low
9.574329072979003,100.0,100.0,5.267589236322683,High
4.1971471826591475,89.37570137626558,62.93313022273182,4.9499902391068575,Medium
6.976091098451489,63.924401356310256,68.59545716891243,4.033946279015304,Medium
5.296399407038599,72.37275221433785,89.88694971313285,1.89165541921557,Medium
8.112891308937899,72.30857650212701,50.692546471236255,2.5225103112744773,Medium
0.9662182728656483,50.600968988911355,29.04322722330513,2.2980200143211102,Low
4.603945704747874,68.29474841931749,41.246010104809926,1.8813989872031656,Low
5.296866175193972,78.06173861227197,85.57568276528974,3.13131383554638,Medium
1.0228729945783275,57.35485158689389,27.209808867847364,1.278749315732031,Low
1.2741712489185177,39.961376355932465,20.0,3.0442519957389336,Low
4.519479037708519,86.35418030209226,63.23261712386502,3.2234611406961777,Medium
2.636248919602875,47.60741605146528,58.27611199866381,1.86786313395639,Low
8.78425323205325,95.59932630266329,100.0,9.254904882120815,High
7.139449994092131,97.77376937958192,83.05257956871901,3.8644760446741153,High
7.963468111608526,100.0,83.82860089325996,3.222235902638012,High
5.2134055379177955,46.91179600880888,67.30851101383621,3.17538449719791,Low
4.591314755151068,30.0,21.95387450456869,0.9820354080588451,Low
8.654485504511047,96.83849544753694,84.17218837225487,5.522643708386069,High
2.0570052172523003,78.00511181510853,52.856358348875865,0.8282654328033288,Low
8.180046990077392,100.0,96.73828081927552,5.610299788848732,High
8.920276959095625,97.09659415274626,82.35289960213676,8.397807168144512,High
6.4658111522023916,90.08363814367952,90.51661517558762,7.203192687927179,High
1.6139351938649824,68.0712259663731,20.0,3.2933352678304657,Low
0.0,50.26453800295531,40.126273814992274,0.0,Low
8.598834683907919,99.7635776935622,96.80263068831701,4.273269395170696,High
2.9707939095541116,65.05470159166627,35.265589486179806,0.0,Low
1.2752203065509389,70.6020990749888,50.88476332384396,0.7859287683758689,Low
7.360980144935049,100.0,76.70308751204047,5.435054779578488,Medium
6.161351505496488,98.92415967178766,84.86176198713352,6.7754197736225565,High
2.8034376796852696,74.91036374292501,72.55695656494856,3.667730105571814,Medium
5.336677727839958,79.74425687808005,55.55901152073082,3.9665495744229204,Medium
3.570647453918232,42.30924095110882,46.9008308045593,0.9666716861368916,Low
7.525891537186803,73.05286868910942,79.15324254383833,4.307138323602676,Medium
7.31167360569659,90.90717561886896,92.35459441452652,7.148817419220922,High
3.6180212501469433,54.759116020654076,41.202030956540966,0.0,Low
4.9422372957489396,81.52354872033722,73.36324606436189,4.449471531756022,Medium
7.74105905008877,86.775800676178,100.0,7.398652306432001,High
6.3254899062300085,91.21030667324472,39.25088082133783,3.377349566554946,Medium
5.978484317620129,80.00207064918197,87.38611097433846,5.051050918180875,Medium
2.635411764523626,79.90699678861385,64.95617891978392,8.22198166670883,Medium
4.214810524588843,56.72105283487082,56.382348998603455,1.843485810519662,Low
4.0701370312211775,61.551906838589794,67.95870385467842,2.5899605750079857,Low
4.061655947735706,88.25098264667635,49.42489454154301,2.892914374507913,Medium
5.593705300156113,71.32869784289099,59.3583849635868,4.271876743903076,Medium
8.741045279424108,88.41883510924744,85.67176956186442,6.690407437473456,High
8.391010648735861,91.96273971223336,78.24369718313358,6.292263510405207,High
4.174542269231869,66.54129076526785,96.02404863755213,2.470457020436715,Medium
3.9925649480929226,71.80742140278502,57.148418592598105,4.309542656988176,Medium
4.961668893512832,75.23779126455341,61.666798307697,6.1932939080764555,Medium
6.759093528889047,88.74389180712727,73.06583547404465,4.672953646771791,Medium
5.8154002318916485,82.62561329001925,51.96775710885866,5.442980783607761,Medium
4.444078501870841,81.93589911367545,64.06478932365604,3.6444820449810584,Medium
9.157548065972517,100.0,94.76179891875263,7.124850359135566,High
0.0,58.62628211600603,45.00709393426233,2.418901757324789,Low
3.723148550558155,63.904648499288896,48.599197116500775,0.5736339054691519,Low
0.0,58.96778247067504,42.06001831327444,2.4777815071983116,Low
4.456338587895302,82.65362349399628,47.282945362288494,2.512455004839534,Medium
0.3204951580607842,54.17241342388418,54.823898170088576,1.050679587672812,Low
0.057977786418641486,35.611828417235714,76.32399607470862,2.283992460938561,Low
6.741240181067779,78.65720837813696,70.27602446175158,4.445866410070186,Medium
1.298448198032163,74.2274813609994,53.378961758713245,0.21615130238430647,Low
5.519755822596074,89.26215402241593,80.39084132675289,5.580978656774314,Medium
1.929619131681224,69.6539748459117,30.960042551799514,2.8580094174507096,Low
2.715561240834682,72.36130721806218,75.53771987194409,0.9429073465836741,Low
5.115232836590383,80.88657590961438,73.03493194634203,1.6936228053262372,Medium
0.07551166371714557,61.973157074055955,74.47785348633664,1.782643131377853,Low
3.49440022917071,53.8234810456565,39.00450506714016,1.3310844292082598,Low
4.259365125258031,76.8392714397295,97.27092883836737,4.169710685579534,Medium
2.665127152010373,86.15771149771142,81.62733241052175,3.4553250082666502,Medium
1.3578272585511313,72.03884437168816,58.295601287785374,0.0,Low
7.2511396859514665,78.60553724319,73.51036681529722,3.417479592548262,Medium
3.2753326131702396,55.498107351485885,46.27207072888326,1.5415713333975305,Low
1.4770217983882112,60.005279588565976,68.0079748771081,2.950491537161088,Low
4.476113443522356,86.01206748929116,72.1053980477207,2.9527004880834253,Medium
4.5175474231739265,65.56145183866458,40.49395444619272,6.5180120100588494,Medium
8.11512197534126,57.03819046862762,53.242203074394965,1.1325391740223645,Medium
5.57290317834733,74.49463150508416,67.21231371710878,5.966751246703937,Medium
8.645062470786604,82.79287574085842,94.64998474748333,5.663521543682843,High
6.545425181047763,74.9185980235269,69.15117266650157,5.289377308515334,Medium
2.35818373853977,58.52219681182528,68.28456184690495,2.1197022260880996,Low
4.611436781268945,75.46751590976987,40.733472039420626,5.7093333040382035,Medium
1.7054752263725326,74.52467534470745,52.1538190475774,1.4189570531707831,Low
1.892598110878904,63.2674476460232,22.73031161919268,0.3520693622332818,Low
1.9441666452352375,63.004743596108284,61.39568443226253,4.130756430906595,Low
3.09144431545547,66.22207144043402,48.58311928336996,1.8297790311767883,Low
8.07791882871095,83.61166882219231,96.29414958036178,6.332337710436316,High
6.098960115823369,90.39111787420269,57.04175559115351,5.852127871067193,Medium
4.878925129837127,79.2423571346454,89.19197397486627,2.4520671368583478,Medium
2.117952785474136,66.70480617241212,65.62586996088277,2.893236346458886,Low
0.0,49.28142766959844,58.753164545178315,1.1151578653056635,Low
3.374491512053722,44.46241233983936,48.057241297048385,1.801745966533442,Low
2.519732713846989,68.17889658025028,58.69785927942698,2.108418448076433,Low
6.497015164789478,83.76409526097517,59.39661148018977,1.7496672078295958,Medium
0.6556169327094663,70.9794844564249,82.83333488531068,2.8317444357693478,Medium
8.132562057171091,71.30336918725305,94.74221341485881,6.026609338619709,Medium
1.7906155577672394,71.2543478441477,66.05915839968779,3.3292867828771935,Low
9.662274225106275,83.10588107132672,79.05596295288886,5.906040634009147,High
3.440141109311704,96.42672953255963,75.42125975909654,4.364685187769339,Medium
5.919160857593854,70.99379265352131,50.60287684362028,3.5586362415453134,Medium
3.419876655239516,86.38391925608383,78.58585466763513,6.034875078741973,Medium
1.0643465589562924,56.71381524251015,56.75905119293808,1.6994711333087542,Low
4.871047030800179,66.03187431082343,21.95275490701754,2.347763138202272,Low
1.71397639885498,54.558859978858074,32.57324234131454,3.7190452162130976,Low
5.326149309769584,78.37207093927705,65.75291654884349,2.83394277273114,Medium
3.3051015960331314,60.40919175395721,45.48710379288761,4.338183776745341,Low
2.743522831958907,49.978125442185274,31.85784596871792,0.0,Low
2.225628357715365,67.40824345420125,55.83468094028276,4.444463196669198,Low
2.5474415036993383,54.867864335284146,53.77210413410768,1.4409866240720381,Low
11.605123377857414,92.71400084659982,87.08596302032221,5.635951878262078,High
4.913571804449622,70.05650625391488,58.66312749762456,1.1649847432255855,Medium
2.301648570072451,34.376663412046895,65.73060689624845,1.3178079239334606,Low
3.575981594011418,58.08972237399831,74.83110669632443,0.4402902034596736,Low
3.6582888994369758,84.12615421612915,42.746577742301945,1.0885304819397912,Low
3.78054545834057,67.84604287898024,40.81749624267769,1.7940335513166805,Low
2.9580953330437767,59.80739620265605,57.36811498117994,3.436687421709358,Low
0.2854926309042747,57.37109170791732,44.629559303795205,2.3114050271009385,Low
4.450147298451644,60.22465892812046,47.909041990051485,2.4615149801016707,Low
3.280481910471968,85.4711911517521,81.09479727587006,2.3567209167316565,Medium
5.453953197858549,68.19187184691155,41.359658687390606,2.6788688655959048,Medium
0.868586224970963,71.14321694668872,69.77453487279004,4.698087527526968,Low
1.9037924801105113,67.15381315441245,51.09020786494012,0.89719844785513,Low
5.493143615455221,87.18185725707934,63.8276028315673,6.484312378085944,Medium
5.482035823175409,84.38475738809727,68.66148768667827,3.6354082016787004,Medium
8.632881131352928,95.1961665769399,89.43644032530779,6.003431904215256,High
7.420566903587971,86.7286123596682,44.031980448326124,5.605547740344894,Medium
2.6803014522709696,65.91814133741379,72.42407341179853,3.9078386329079846,Low
1.633765047064027,56.45959289058976,50.61988448405928,1.8337811595813687,Low
6.446130752432536,74.26398227103098,76.64503195671062,3.4176354197176915,Medium
3.784205733386961,61.01856295261987,64.27324655861064,1.9161193272166803,Low
3.1585882772945113,95.49020151495188,54.6825631365955,4.506936292348177,Medium
8.896100104774787,82.60892924346099,97.10207848552842,7.336955530304634,High
6.051759113466348,65.3247473424756,65.9853836365181,4.006344788491227,Medium
1.5536547449600122,61.647608412365166,62.701561628247404,2.9283294470347307,Low
7.063560219967429,80.50887701856018,38.09158869472757,6.457539598406411,Medium
1.77491661945121,61.73341664370408,48.51358549638096,2.571964418397177,Low
5.188364680207314,82.439531979085,60.95769016324058,4.467479284007167,Medium
7.740392263574195,92.76797745365195,96.48394425951233,3.721633762364898,High
2.023368571372201,74.89863438602082,57.05066281052303,0.0,Low
6.355587369657197,78.99096021523485,79.38561157766961,6.5825635938452525,High
5.839923676108558,86.71502975219754,79.31739203735935,5.857763653078692,High
4.3917575948374585,58.96745239850953,48.34001947164006,1.2278259876278872,Low
0.7295579775225083,43.568111888458326,36.55036659027188,2.365295306279517,Low
0.5129114758155393,58.241455955679285,62.6297554317819,1.9093944062046375,Low
0.0,76.61470165728018,44.461891993288305,3.6916703759508476,Low
1.0415573784657468,60.20886488295962,20.0,2.129166302388467,Low
3.0153653098887525,82.30700905718683,64.37766915067292,2.8796150723947487,Medium
4.463022740204554,47.3983523482742,34.421842687340416,3.4852493584389332,Low
3.514725634013951,53.83638591960523,25.530862768085818,1.6743033875806963,Low
3.9677744822334144,76.24803619676064,51.43860042666141,4.7898050255084605,Medium
5.378653708016463,56.82284903243766,51.64112707749455,1.2838839407107994,Low
6.472648230487391,92.81643795003768,89.92961242372347,3.0252596717538456,Medium
1.5127529247370664,65.57691060725125,54.6977671079747,2.1262523452785445,Low
0.0,48.88542043062968,40.90244917676391,2.0192429653155277,Low
8.436413858886112,82.46504778432005,76.83856292756055,4.71974055305025,Medium
2.915641299854606,84.98221748496785,63.113645346715124,3.597031370035386,Medium
5.531901879564662,100.0,79.58099446255284,3.2454603243444042,High
6.533855648014461,95.80540686568374,52.684559976505234,3.350839174617417,Medium
8.659628609508909,69.84905808172131,43.72256789872421,5.1907277007157235,Medium
4.076409227765778,51.89142488789662,44.15114440160832,1.5539358811353403,Low
2.8458636800785393,47.42422141085384,52.37080234880198,1.630424896228178,Low
5.892131512497929,77.65980140893019,68.55064494977665,5.479564758858905,Medium
6.280123338170462,84.66358374446335,63.76049608078962,2.932040159111616,Medium
9.138392884680147,100.0,75.81380908954829,3.6857951726356504,High
2.4217871359540637,59.24048976357477,59.12369287527453,1.7590533207117585,Low
2.1563016559278143,56.80152476745156,30.243021200801227,1.2737390731268945,Low
4.9061103081507165,81.5175799224874,81.64041870765213,2.550630520370119,Medium
0.8690531166999855,51.64857098369977,34.96674471609913,1.7369323161519639,Low
7.578987384699839,100.0,78.71347143970448,6.7372584708701755,High
5.460564778706922,78.92338972881942,67.99822214076485,5.986067157648276,High
1.8524905598078751,61.847405788957246,42.47896779671545,2.460471609029357,Low
3.5171133392736236,100.0,84.62968687716969,6.720111547773135,Medium
3.344616024176344,80.06799844559998,77.73442132665934,3.485681707663654,Medium
2.2698412267302177,58.099609649985055,64.67633168042053,2.4175229519670043,Low
10.088003429516899,91.42554577189573,97.83213818900904,5.2361799561012985,High
6.377474909003469,78.19608318237592,53.44495257204446,2.730460420169541,Medium
2.6442490945652346,93.7284847467653,65.03816163508664,3.1226385198733455,Medium
0.5155577951444936,37.88138088670493,38.29701306323806,1.2818621427174672,Low
9.411156781982324,100.0,100.0,6.539213696320688,High
0.5262689096925355,45.76042847549855,32.04817030360533,5.523613680051136,Low
1.6630502750044631,57.333476707655855,63.40546534083666,0.9259348455862395,Low
8.825078148536829,90.70755579701338,100.0,5.375062041576806,High
0.5474833177045471,65.88553269770719,77.4443030257413,1.9053154803331276,Low
2.15806325921894,44.01875648116253,43.85470111055754,2.5936982730646205,Low
5.998961757622693,99.62172666081943,100.0,6.395326217932178,High
7.097948534073179,100.0,100.0,7.926143690922176,High
5.479672901213806,66.3682599540719,60.73537484599455,0.36041189419718744,Medium
2.610509399702496,81.89706167610396,46.974396287014606,0.4196051947064907,Medium
2.6607121069405983,53.38017822203391,21.799849491383544,1.2561827419847762,Low
1.9705433016099783,64.25887206193036,60.69068043291997,3.645950281315563,Low
2.8287349316257218,60.19147777415752,21.752746879121243,0.0,Low
5.335871201096992,73.58513090955691,64.41521420593116,0.0,Medium
7.046210644960766,84.87872284871074,76.5596978055844,4.856769109328813,Medium
5.187836753971861,98.04348109786743,72.7776330524487,4.365485835554072,Medium
4.355891688312121,78.09096208272702,76.38167296276258,2.3646873898008556,Medium
2.183446254548426,67.19757942148182,53.334347837012814,0.5216905989186051,Low
2.814947043554582,47.06727042128836,69.1829871997009,0.5453844205479883,Low
2.0732901054885566,50.43563623181991,35.71525428891805,2.16580297621091,Low
5.060887536805824,84.72406277880377,59.84507292312203,3.0605270857254894,Medium
0.9470124682898668,74.84116028535965,38.41010832093764,2.7410958784632795,Low
7.0056486236735775,98.5561334878566,100.0,1.7180600056434132,High
0.0,56.86941969476845,63.50597882592595,0.7147222023083011,Low
4.624365114780409,59.99291405423354,56.768379789777626,0.3109190586334245,Low
0.1342051469130725,47.495922660302824,67.75240500334891,1.6154889824412617,Low
3.960642203306139,86.04515326355367,52.32938698935429,3.192928362264792,Medium
3.922389101646204,88.82333062323409,95.00836167326706,5.19676566984365,Medium
3.342386565416662,55.4790966716692,72.84857932568387,0.0,Low
1.5575754825619583,55.299578522404985,61.0343299586862,2.068237214496128,Low
6.8716131090106005,82.65878229652049,96.7269836315659,4.8375046348175585,Medium
0.9897640636341971,55.63280263959405,25.150651884833394,4.784971154842932,Low
5.418491243335703,79.33867385374178,62.133277956060226,3.277351043359787,Medium
3.746979420110364,100.0,58.97044808977071,4.4866879065287755,Medium
5.217723691660082,57.52974299254004,60.82218985636015,0.0,Low
0.2186023714557308,56.41659847978778,34.24788890596781,0.0,Low
8.46473106534054,88.52458194364841,100.0,7.26716156367255,High
2.950665321398148,67.44191971499937,70.5580421599507,1.991659559527894,Low
2.6206986461772472,58.18775826781897,60.42804350125999,3.7677690346976345,Low
4.722068511683437,73.50626961678574,74.25626535492252,1.9398956665453762,Medium
7.805268950399861,100.0,75.18189988648876,6.779853209293129,High
8.065717207968664,100.0,77.29723550811953,8.803226760815779,High
4.779496997557267,73.99576434261294,88.74428357945,4.629558412535899,Medium
3.4458186751923643,41.33460048639384,61.69023505857999,2.4148722583865734,Low
5.315784502387027,70.07513689836922,49.41470720933684,2.0128341212365246,Low
4.16376232248825,73.15370174239996,63.73135681351164,1.6436778143111317,Medium
2.945295530631383,87.90625599162769,39.612881903329345,6.033359403565522,Medium
1.8675769274731178,40.298961822881644,33.93721371973342,1.0837135402924014,Low
11.869564006481479,100.0,100.0,6.756724884574526,High
0.7944881480454038,47.88828070719219,30.793166434963,0.0,Low
4.458675208166101,67.30764119066525,52.84219731831621,0.2308105032383294,Low
4.516551221114661,60.142730678364344,65.11165959792798,4.1526310988333535,Low
1.169617637438008,50.460605806033556,31.176159979965615,1.4790465665632357,Low
2.8534746187779128,55.929636870732196,52.77065712171625,4.179913214063816,Low
4.442594934692807,66.86318456956701,64.06873306265983,1.8826540114122232,Low
1.4313083885187694,61.05894453115234,50.187489828608754,0.0,Low
4.694629459846458,85.84412980472484,100.0,5.338101399597581,Medium
4.127478629077034,99.76440584515485,44.97101111682707,3.1151615233665884,Medium
3.4778649039606995,64.35758388288949,85.88092794825818,5.048033220275565,Medium
7.026083682400989,100.0,87.40797393905304,6.037816301310123,High
0.1640895998566152,61.04355937523213,61.578802322550125,0.0,Low
2.051125202388839,51.01215951676872,56.61960727548869,2.2464421480558534,Low
6.845040153412038,81.6968637426101,79.00265704335006,9.294334713229198,High
2.3506788676861214,58.10879609222967,53.434945886890105,2.7394796877716887,Low
5.666156530694559,100.0,62.13147822902569,5.913723370491805,High
2.4963203483216856,58.724508796224654,59.04871250857091,3.6130151029353463,Low
9.250293442413387,100.0,94.47237698985788,6.316002697804667,High
0.0,45.48824309948441,59.57990252964653,2.3143013453941914,Low
8.561084854771359,94.87911052153946,100.0,4.362562241761346,High
6.841503488709938,67.47606555586881,75.51429760314566,4.350772038684397,Medium
6.185538471963191,98.63631882624968,92.22134129697415,7.5531651246254174,High
4.508858580256555,68.868873900973,36.78397495008062,0.745906771849963,Low
5.6285285140490675,75.79238206318946,59.316688545264235,6.136743731870421,Medium
6.942482216362387,68.95786143372865,100.0,5.862440963782311,High
4.916346383513441,81.98948146796495,91.54503108558967,2.668345732692189,Medium
5.837490368782584,84.3673855173351,66.4283434553192,5.496448115380367,Medium
5.114008087118617,84.04294754961698,70.69004120879912,3.569808646392596,Medium
2.808133988669554,72.35782191822155,36.43078437509351,3.1392723312291615,Low
3.6189896103809507,69.28946320350951,87.59135267901168,3.5623620516121943,Medium
5.254041236054117,86.8021610545045,79.98125235537668,3.9102607847051445,Medium
5.87942825464253,100.0,100.0,6.740340306501437,High
1.8331609079769495,42.21412415993483,36.82515384230392,2.4363455863850088,Low
0.6441385378028155,63.19651825918977,44.32988151472674,0.0,Low
6.89670508611535,89.95820168992329,93.47168883788359,4.318134389858413,High
9.854139762815656,94.18477326898355,99.69734306588656,7.394114977186224,High
3.6369651808914036,63.476764835383364,46.764985436785516,1.801795116647679,Low
5.913707181360765,75.12771435886448,56.90558364319449,3.214403045842867,Medium
0.36153085299113163,53.24291920838388,63.22111293385357,0.0,Low
1.525387325457797,60.34152417488025,60.81703043818372,0.3803955180862273,Low
3.819646549968775,49.12754061137197,36.25588849154413,0.0,Low
2.212575370459857,49.141748711148146,70.33164201658244,1.8480789219477007,Low
8.478994309972542,86.79373282956503,87.55298063794905,3.1023436291284296,Medium
2.5899767590915577,48.51205964841344,52.014447458716894,0.5501181635220274,Low
8.288073674735047,100.0,91.19396793564054,5.897814862248071,High
7.536325303696248,99.6259129285395,98.31086656673861,6.545955946279107,High
5.200311357173423,62.741932712094034,57.074453946156126,7.139796898314917,Medium
4.771295245429184,73.22435347664344,70.45047218746123,1.7321748706551796,Medium
3.0621630150328856,71.94109403047372,20.0,3.739071564950783,Low
6.435053475191876,70.18834468860318,83.14683468254404,5.459652341522608,Medium
3.8210158092380757,75.35595737690612,46.57760166337211,2.831360890934949,Medium
0.003150569663332936,64.62060893251896,72.55129742643499,2.3048539318790464,Low
5.245691940345055,100.0,85.04819859050325,5.313550125993578,High
5.761986990368816,77.48461113955504,66.82499527103235,4.2785328706281085,Medium
6.344950090739189,89.02489805308359,80.58399140873242,8.263696520106826,High
1.7706641105712757,94.22369861698508,65.67941689116886,4.90840934894697,Medium
5.582867906796446,97.3889966379758,91.27797017722055,4.762912559850163,Medium
5.739499276149186,69.78858050781795,20.0,1.3545360200680365,Low
7.99089363269016,95.85318142565023,100.0,3.773915002613497,High
9.257736161677464,86.91734278359074,95.07035221652562,5.687297684189388,High
2.1227440378213474,51.695555934434346,31.894675282141765,3.809912232295873,Low
1.851665520213286,65.22514105265758,33.87031410426143,0.0,Low
3.378614724481653,64.18398220888683,75.14589540812304,0.4173659477349574,Low
4.564588183717023,94.01598592946429,55.81739680085903,4.189401604351103,Medium
8.401088471107855,100.0,72.69974234106061,4.5230178227291065,High
2.4825467092940205,44.96919698240182,67.05971813547094,0.811214829327181,Low
3.997864319535427,90.51947617722918,75.07829314428871,3.3646021274077342,Medium
3.488063524304784,50.01939372685587,35.93111635195402,0.0,Low
7.737560364956887,91.16028728047648,93.24937463106929,4.5388172306754475,High
3.8663822607607328,82.50200206251695,54.61370974539584,5.055141875180963,Medium
5.804764765355605,99.95667489783965,86.51232097633908,2.038945326653554,Medium
0.652298027313444,91.09918556005361,65.920564473097,0.0,Low
2.042271736053692,66.06723059136183,57.98009298232915,1.0549625306991586,Low
1.9863215050336946,58.168033812796125,55.42491591870525,3.0979332537647686,Low
3.6288433487473672,65.3450564848055,76.41782187301061,1.7046172880046657,Low
8.71204734931993,100.0,89.99529491082338,5.303128382826572,High
4.962459561882284,76.79332374442808,52.27188811868798,4.06653819627341,Medium
9.22664944880043,100.0,96.7421086924846,3.3814388507105217,High
10.08531132352597,97.30070759191402,100.0,6.742058480662549,High
5.8367154595277935,84.97743089091394,54.77860760221222,4.575152547105466,Medium
5.015528929765071,86.65924252054461,64.57805849959021,3.386037288856418,Medium
6.032245651474761,99.21586610614456,96.2466905715218,7.508886767694625,High
3.402329505386941,88.38940500469613,69.19142726491391,2.308755851570442,Medium
1.5421629434679986,53.82746813453077,35.26544629434028,3.6918634898803537,Low
1.0857316967610753,54.41698246053969,66.82786784345706,2.2317404983928766,Low
1.719543045521831,48.99845767028305,84.80061083025889,1.4951711151827398,Low
8.08497488734566,99.39501230620226,92.94197188535861,5.970189546947533,High
5.794539131535096,87.78936503512114,56.43897565396,3.839102851283587,Medium
1.8942518329113631,64.57772866151886,26.765592124197873,3.8304243446265756,Low
5.729752465739303,96.74492433347538,73.86963971831771,2.38498130879348,Medium
5.096711622215181,79.94403981170953,86.55816014974387,2.856221141280103,Medium
0.0,66.68741655592513,57.12751619743072,3.5544543381087195,Low
0.5909969092718685,49.08299123860686,49.96394238621719,1.106697597224211,Low
4.783868666417577,76.12900297525599,61.160925223160405,5.350799615997388,Medium
3.1854578857383387,86.95537757565778,53.617545509228655,6.5491539745130645,Medium
5.899893094994306,88.49102110743144,82.52126989487323,3.3973074595875494,Medium
7.296126248515546,77.06033052335818,83.70657432078379,5.022043489862958,Medium
9.828142777545974,94.28400748141934,66.814053199639,4.269461577990212,High
4.679835693604688,64.82126253319191,93.84758467271025,5.132099947101714,Medium
7.2360892052749275,76.42970799193391,78.61106831341002,4.299135978980151,Medium
8.223001185803167,100.0,100.0,6.709557423240323,High
1.494371043322941,65.75205016106567,29.868083772723274,1.0316418919469075,Low
1.0798960046885904,65.00665721381209,29.512637668768416,0.0,Low
1.5462954702678076,60.4977368718096,47.765460353490546,2.7548780971242572,Low
4.417734772188156,80.07063158628176,77.54176640342791,0.904895271280818,Medium
5.255624333563231,73.39678860526553,96.94541234390445,3.523974261636198,Medium
5.240860971574797,86.98828420202534,80.59118370722697,5.411772799629954,Medium
2.0045690302301216,64.20972944389389,46.3597808478195,2.287846603809554,Low
2.655407254619525,64.92018847992799,34.60446188501162,4.92251396718472,Low
3.785969412179512,54.739651573324196,68.45000859078725,3.5376637288726602,Low
3.4243312031619855,38.46657080128756,35.52941861373928,1.0191524175116353,Low
2.7726530473251447,90.97152711753695,94.42702832158483,4.040970069777158,Medium
0.0,55.211625439915956,45.73423025590236,1.9289439461833462,Low
3.4014798668589106,51.372242359568794,73.85873108926776,0.0,Low
5.949681952376869,100.0,100.0,4.58940162527347,High
1.6628518971609747,56.0798736008087,47.94506765836313,1.1588586395302096,Low
3.244830460910961,90.59936384046622,62.2090544226081,0.9456692457160951,Medium
2.2970293436299705,86.17005949576698,64.8863818398088,4.0712402023774645,Medium
2.812194092307182,66.83569323200477,56.42475038562856,1.626392233020439,Low
6.13873274045397,66.34044288799466,71.15734744326575,1.4906591480326385,Medium
7.135234398909921,100.0,81.09282887896943,6.606319297915999,High
4.113436561782635,97.61250531233856,87.51552884523552,7.073809117036439,High
1.180633327621276,56.307228607537965,51.17865544578725,2.340551718297333,Low
8.58770600810382,96.43388467342251,58.06898858377782,5.513897737186545,High
0.0,42.2376476710168,56.87252172183048,2.8871632276277825,Low
2.2750398796687334,64.08652811480671,35.3041816292479,3.0203305407150367,Low
1.9770352262405066,49.706284918179286,32.700013951913824,2.4611053545795327,Low
8.868937249401633,81.47329714156466,64.68983479333934,4.763081624347858,High
2.1793705526212297,44.77640813782109,23.091612531981646,2.414901148266771,Low
0.5403965886776667,71.12688374989925,29.66828745331566,3.7932209762382185,Low
6.794857252496737,73.70736606307212,59.36468563554264,3.105056412082405,Medium
1.762205640459545,75.337277099165,79.29888706289853,5.146909008698647,Low
1.9590431907351022,54.64198536947702,42.11180486157194,1.2115535990219235,Low
0.6000980613902058,42.92642042407053,52.66625159402047,2.0486105200102043,Low
1.3350766232127345,48.83475560051341,56.00722079759493,0.9912716059904958,Low
0.6727959289596486,72.35811620006939,51.965977793237734,2.3349062538803915,Low
1.7405809101148655,58.441018220633325,48.8383480891101,0.0,Low
7.567562720213515,74.51712703509399,52.07059354601133,3.180937301774918,Medium
0.0,61.60018225852788,71.76391322418817,0.3618181994771492,Low
0.0,65.01782736167544,77.10794965456827,2.2030075218384364,Low
10.206755491240413,100.0,64.76011958815971,7.491671063263361,High
1.6860144842722007,74.48499229892926,34.639571136704305,2.9690092806718273,Low
3.996390892010125,76.40231354210914,65.8028448643449,0.4425109587116616,Medium
3.559857031094115,46.73952313917962,35.53193307634713,5.0631044793918205,Low
1.091576690394704,55.86534838876724,57.58948330183798,2.4429199109313027,Low
4.739014570320404,62.60280506582886,39.0759169639008,0.8352512892604995,Low
3.0168888070089035,50.36241073789389,82.47584101709904,2.2356918784864113,Low
1.268132887781446,50.428490851049574,67.85822891515394,2.264284733754039,Low
5.235962319898255,63.437878815498856,53.18861045948322,0.9997269245726546,Low
1.0914276154949925,59.51347648429549,65.40479394979599,2.296875001013113,Low
3.1131430580139607,60.327969954115865,66.58850636535963,1.088791568569539,Low
2.448938870609738,52.41504665299931,41.54078767912635,1.393457010964966,Low
3.952611934098197,57.69599285794233,37.75674133187053,0.9705812963673732,Low
4.3422667950902785,50.757668557316954,51.17214594454471,0.0,Low
5.04800622359865,88.90198411124787,82.92454186746916,4.218754705323076,Medium
3.869873194480725,90.35249334723753,72.08590597980127,4.877949154774507,Medium
2.6899582144086747,41.53812137761906,26.34505276713504,2.7723253941145583,Low
3.983426945371841,70.7048913980759,57.95763334073737,5.229887878952852,Medium
8.020080871289935,65.03470744909922,68.89040704608433,4.4865103150223025,Medium
2.2048029966241063,53.49976065593102,48.865015935112545,1.2009117526746447,Low
7.452017673031837,94.16562030209639,100.0,7.2594957966467835,High
8.277020458797363,80.5035478030147,69.21018086401503,3.9637236902370976,High
0.0,50.78140186874687,57.58383862753812,0.6489929262312799,Low
0.5425789422340226,49.960426279185015,72.33669662492434,0.5536998928651329,Low
6.800620861916638,82.07267329398944,100.0,5.620084088708966,Medium
4.014658581542906,80.6934433703625,63.93403865224058,5.414182771210113,Medium
0.4296335259770907,52.78262446662747,57.371441790803,2.7309578555674925,Low
2.8049791287909294,61.76820872139398,58.54640535797971,3.607894797817696,Low
3.7785562319944956,54.533199154127345,52.93222597329936,0.6810758263820178,Low
3.0784299659976,57.283448896739465,48.51732198141041,2.522892679791471,Low
6.494071528708725,96.73452090298537,76.53963084250069,3.8122383574252536,Medium
0.8648073671458087,73.40461051790348,20.0,3.270323155827371,Low
0.0,47.004187630724026,60.23104235093947,1.8271636511717035,Low
7.25200047793323,88.29732417879174,71.89266855492951,3.4225856673848782,Medium
1.5159802417367962,68.11396554491591,46.66287654832602,2.811362777841485,Low
1.623750475317429,48.51736711247382,80.70293293579337,3.3142537507868495,Low
6.992291212773587,88.1877764375486,59.87598971814172,2.9974822077297976,Medium
8.83434501410099,100.0,83.95386016402453,5.908386492971436,High
5.683831658122411,68.77455193755586,99.873299533071,2.412339049537521,Medium
8.247503517351626,70.82497178985736,57.51908042725215,0.2529084737605909,Medium
1.0347226544297854,70.17661466843502,41.748270755951914,2.3006894471205936,Low
3.391760192121856,62.71495310825648,47.79461864853725,2.9133580343819476,Low
5.085519687345627,85.51476275239523,82.61101723194324,4.393100213630088,Medium
2.4028884182948853,63.40589216400497,53.117037610299704,0.0,Low
4.292702639618797,63.90695920928144,30.61061979271606,1.4737258548852883,Low
2.7617536344344353,46.73527871688917,42.01747155309216,0.0,Low
2.807444118574449,70.47317706621448,40.88968350181683,4.054551661481277,Low
3.6087610059647033,71.69589992427774,48.84168432165431,0.37091812682287095,Low
1.452570905685672,57.70609255931972,56.38765487944744,3.8831054141898447,Low
0.7411854989914906,59.56523050186138,56.27308633831958,3.418804465526218,Low
0.43278620896844977,44.68892497444278,23.359823689273966,0.6491144711959076,Low
5.050465115935998,100.0,100.0,4.300822573098382,High
8.084310694910483,85.72057441714144,73.78853268994935,4.525555324579507,Medium
3.345187451417475,79.37808983000689,90.7679807139086,2.7335139442253933,Medium
4.6681195646213425,91.24353359870503,76.66297490936007,4.153726963237311,Medium
1.584780050166619,56.659227690200595,66.51984436603644,1.2757586137896224,Low
2.4611100467136513,65.646059258936,56.998179671751906,0.0,Low
6.223605818808945,69.80335661307885,90.19338634304123,0.6542979713133112,Medium
6.2907102325396185,79.76447849125762,77.83375954026668,4.340026372741896,Medium
4.125383842146592,78.25645742097164,68.53127130335643,3.157663380504062,Medium
1.7493174293203828,62.25307922040942,84.08652080670322,1.1703652746288016,Low
2.4238699257324496,56.304730711666416,63.335556834198385,3.043795758640678,Low
1.6269633107246793,58.68527404328332,58.6061663150662,3.7601634149486673,Low
4.411018364029989,68.26047171441506,30.855433751924963,1.5911829179572863,Low
5.7364624274573774,75.63235762761782,50.675385738046934,3.4891019396352076,Medium
6.102316679074726,63.93422899261321,74.3907322321278,4.750214549670826,Medium
2.994321903001119,77.4958390420542,52.182817966523615,0.0,Low
9.760210786227987,100.0,80.78816152487525,6.334729582121546,High
5.27153233805556,67.07737304894381,72.1147404941809,4.827828957733231,Medium
0.05475207806623006,66.89707805245195,73.82940392065393,3.0203453126264437,Low
2.5995319276289623,54.97025229448657,60.43103711825448,0.0,Low
1.0229646593122563,62.634872153310596,32.88487235370893,0.857967095286589,Low
1.2070749773753646,62.94224129013494,48.32736759285584,0.6826051207648001,Low
2.8795460281326397,57.65592199683678,37.925502787211585,2.1498304316138195,Low
3.8574246071504534,52.16234334413603,44.18450125387158,2.721116869651976,Low
2.0319073651040926,53.094589476837406,43.79576501555536,4.245065611168972,Low
2.463249518898446,50.83808084518758,42.83531626093992,1.2575517794478903,Low
10.553322416952856,86.68177791769556,71.17296942039908,5.2536412525361795,High
2.3611297692328526,59.328217099506446,48.08517977722715,3.7245080283181204,Low
8.902524671270593,72.84240010889248,61.59088544729035,4.444865407795458,Medium
2.848264468447316,66.8205206571262,20.0,3.901477266781961,Low
5.358855861266274,100.0,100.0,6.433092004514754,High
3.130012431656799,54.19946758629957,66.33154481325008,0.2643250719300938,Low
2.571737577324167,62.39404500535377,44.35548912612506,0.0003074678332901648,Low
9.934629131124119,99.99685110302934,90.28228574610898,3.6727316264116063,High
9.009772026904937,99.72002270919275,72.42518479023657,6.99307775213771,High
4.792316024024339,80.75955267916088,95.43584316716297,5.782895234630512,Medium
0.1635526455659515,67.42682418359722,78.45933042159668,4.7740432120795715,Low
1.6864651140709621,64.82248952680658,52.35040592369787,3.2646579984848603,Low
3.7242193186860497,67.62337577672702,85.35295966278017,5.744257866302479,Medium
7.129214825292916,100.0,92.62930168400885,5.129975501019473,High
5.8828676066309145,88.87290837266742,49.94911841686104,2.265376274884215,Medium
7.50485675652711,72.36713895821418,63.82264946554514,5.27511899862633,Medium
2.5920072947344717,60.37937835447602,51.978919501579355,2.626521128359101,Low
3.2061754069472235,86.83328992811069,63.181784218848335,4.1611665615113385,Medium
2.6669040023302113,57.906861804206386,46.72020083847446,2.581057220949485,Low
3.7949472299684768,70.72978047766011,48.62900663736328,2.484778223687309,Low
1.0853256435209266,83.6387249461936,48.78682253201808,3.925725289780342,Low
4.798974249990623,72.14013967365018,70.78387735746225,5.9424783772254335,Medium
2.0220322920937956,46.18955396846225,34.09092400405099,2.8163305285105205,Low
0.8226525303766401,63.03818595604876,39.244757763080955,3.2687043088443923,Low
5.972420650765788,87.21562505126144,50.73123601450046,4.771093828637164,Medium
1.8185777770883276,57.69133626155231,64.667233245293,1.3082454019480716,Low
5.629298665860541,94.53260663321035,38.415295872395134,5.13484701236971,Medium
0.6687617332968498,46.613942002767516,67.30385514975389,0.0,Low
1.3438125495148845,66.9291862303161,70.79524095894266,3.580837328443825,Low
6.083572036741657,73.94139179241107,65.46729119526069,2.2082155903509473,Medium
1.4407502718623495,77.19377906207296,20.0,2.4287049301920995,Low
4.590445776850108,79.92515353168119,44.580341570490646,0.7322690623607615,Low
1.4005457215780965,52.33343412216652,49.037237580667714,2.83008347461164,Low
2.337027088627829,54.5044286409142,34.8410267010663,1.9491121611081368,Low
9.398886247809635,100.0,82.27172409287635,3.6078660627550017,High
0.0,56.12869350210485,72.95292798295027,2.6310494465277183,Low
2.358786782028836,79.54588782067762,79.97390743452611,3.1331188347509342,Medium
0.0,60.2538842054241,36.1315382843285,3.321720081220054,Low
6.893876155140774,60.80326843802344,46.03601245606852,4.001988533101611,Medium
4.172212781161329,79.86162253905762,65.09474023585344,4.593131478082057,Medium
8.837298928502378,73.10272225935826,66.79814830974342,2.563646567477182,Medium
1.153628602013917,55.06877177600228,57.44298781044974,1.1160016528589571,Low
2.2768269547955553,74.43632003468814,41.97024931148512,1.3120420458483733,Low
4.313164928851814,47.434931057207436,57.67249363042792,3.2850537203638335,Low
11.009139332238684,100.0,100.0,8.516065631708233,High
8.092255364954596,77.21037069668192,82.23251533666394,2.7922423723856857,Medium
9.812549345889714,92.20239831504166,89.27867239003841,7.61527221698652,High
3.5360937887171935,67.90371896051711,47.25274293420058,0.0,Low
5.888790423801774,83.4005129456889,64.64990298730193,2.2087158983615662,Medium
9.167541614249956,100.0,100.0,4.561832315719838,High
1.1732214255072,69.68184660532862,40.59029831073046,0.0,Low
0.7727016748665392,56.686916168166775,50.678340634999735,0.0,Low
4.994938313883572,73.8776326549225,70.76796852821629,4.619498368206696,Medium
4.744723066212607,69.14849473442202,62.47323710782702,3.678898453408208,Medium
4.320157926009087,71.74589470021044,49.41301678173849,4.569108096407665,Medium
3.044581171185073,89.49094425308725,54.84461755426502,3.0357090291822697,Low
6.432957812855766,92.44679580736786,69.08494042216924,4.3984254897588,Medium
2.132610329437771,46.489256337919784,57.50360704154855,2.9866447642255607,Low
4.216295121582893,46.7754204325643,41.99599540341249,1.8957015706365958,Low
0.2874663287997423,64.81866061718492,68.31231948219572,0.21950991754138305,Low
4.709510811080423,85.47264797377967,56.848393281822325,5.586721271231195,Medium
3.9247665190957925,85.48883835317365,95.68060426026838,3.1163318008283096,Medium
2.20019507439041,77.45044206446302,43.78545235257607,2.596605551856361,Medium
1.8759789712359511,58.745457399970995,56.52155096835337,1.733123186293403,Low
7.8173787374250745,98.27879524159357,97.13146023789935,4.6307836210552304,High
4.270174614863197,60.858930062933304,38.06664398088677,1.3738544270158517,Low
5.946217526832166,57.80699627252465,76.36590906791518,4.5160808823452,Medium
0.4637197635061927,57.70200369424806,69.19278004640239,2.5225126088691905,Low
4.781138849501282,51.485935657396865,20.0,0.653254900361556,Low
3.8315505432880292,61.75211418908512,57.54117211236222,1.2684419405768832,Low
2.873146555202924,89.85259002603411,20.0,3.6114995071553655,Low
4.660273851725252,83.67481665474304,55.51502794715188,4.744600176600912,Medium
3.5608411449147805,76.86470313827603,94.43749547351418,7.112597559022813,Medium
1.4416898358934205,69.21801501977252,41.27326949911919,3.7701922606122915,Low
9.63312292955628,99.82687887209212,72.3918005338654,7.716439602839909,High
4.826879458901914,64.20094490451841,47.03093406522977,0.0,Low
7.3148652924082835,86.06850593215671,100.0,5.145790527450134,Medium
7.266725867320589,100.0,62.52476629190961,5.920339797454634,High
3.3205738500664834,68.69111564674084,54.230351325409835,3.173527294692626,Medium
2.2113293703668058,64.73632076811454,72.4614752476944,2.252023010798793,Low
5.347340951655722,85.73618870018461,100.0,7.417817301917225,High
5.484751571277172,85.55512646342248,68.44853163564574,4.751247386506318,Medium
1.778596120551997,50.81313488513906,31.414209462100363,0.68228929798691,Low
1.3009452471976366,55.82633186394916,81.43765252713739,3.1136883703889304,Low
2.607945399099807,77.04910085762094,93.91663587623795,3.043618686886054,Medium
5.770400159854574,89.7581671934471,80.18420481643349,4.32502467844643,Medium
4.200948740507133,89.18454443942414,57.8139647659387,3.544974898784299,Medium
6.245124746434568,82.54282623553615,89.26455988742944,5.671700622396561,High
0.691606680077526,80.5493411099985,67.59459878432754,5.149364462560764,Medium
1.9587276424240456,52.904201452508275,54.962769569233664,0.4397094202761531,Low
4.658377395004616,47.414950893246655,71.76502157197004,4.9177926114154,Low
4.491888821821805,57.82982949575629,63.191255617061046,0.0,Low
4.314355615120592,76.9151721154418,53.83935884522863,3.103498475117714,Medium
1.0966819094573292,84.26716486345522,70.64744675029307,2.5553178349126116,Low
5.703161384112535,84.32959825360696,74.69698210019733,4.8764712496529645,Medium
3.5024218412175627,66.22382499245762,80.30598693788374,3.8492864191424423,Medium
8.452687849729198,89.35225995829057,100.0,5.913913945497686,High
3.1491204175770355,70.21383295429399,33.32629625729673,2.6158251279914246,Low
6.840399835826462,100.0,69.46261631940305,3.6533957838134796,Medium
1.8497688852800709,44.140166877620416,42.028181729611774,4.0897718869023585,Low
4.694489374734551,61.20075614860955,46.48210861951816,5.2590236713474035,Medium
0.6830261198651584,78.70965175371782,55.2006496640738,3.309236526508452,Low
0.75967946894021,63.89614177370904,87.67334827376635,0.5507649149443745,Low
4.66028166214771,71.31707268123634,42.39883383241371,3.8809173633914456,Medium
2.5510482602242672,65.34629086122435,49.51579083425794,1.5493010769189444,Low
3.370376939349874,33.64252260983122,59.6081440261216,0.4915979364658014,Low
3.795231573979483,80.0337550659716,71.84617302484271,4.54024627591865,Medium
7.239032853439283,83.27821172843085,68.3030792122639,3.1935313633302753,Medium
4.593314598436147,89.2427013953783,50.51175454831264,4.983105744775355,Medium
4.967949058477346,69.86104047707462,73.49180114410245,2.3947126556585023,Medium
3.879182481278265,80.8568716140336,58.6485403447611,6.578560919262731,Medium
0.0,50.74575373940412,20.0,0.6555010121119074,Low
3.326068094541575,62.55383755674317,67.91888330770595,2.328953505800654,Low
3.10526584563865,51.04653677636976,64.37578729763064,3.1877889655821012,Low
7.57800866432268,90.91899160839779,90.7749146527662,5.144039354699831,High
5.100486075837308,70.04184605209771,73.43612032308553,5.278702965149426,Medium
2.7739088265561493,66.51136241823657,66.11477019073342,0.1562246032993757,Low
0.0,68.58451116656666,53.36509485167124,4.178176548773841,Low
7.206420983980558,92.65379430042586,100.0,6.021223897448637,High
3.1913970194327406,60.382379949600285,45.53776698689225,1.1053828880466807,Low
3.1185658652461257,65.51408585366455,89.6797560786092,3.551227341358848,Medium
5.440336898249944,77.00323351993212,74.81178588899026,5.21337890408908,Medium
2.965127293064892,79.49795382958256,72.9107791540881,3.1233170622243427,Medium
2.6996449736502894,86.20793091029975,30.94908366931952,0.8759634658658335,Low
7.946537776553774,83.88032974225837,94.30433781452564,5.667695103624393,High
5.577302276141736,100.0,77.52067623758323,4.234556830845047,High
6.747109031685757,89.96858773465809,60.42575910207259,6.730815861912723,Medium
3.898112634802926,82.80636404490136,57.769365575258185,3.150408113177915,Medium
6.7846213444784285,100.0,74.00647602151162,7.247425179270605,High
5.300853795846415,83.72105472606863,100.0,4.314205125471659,Medium
3.722956024143073,63.891591956679285,69.97008592982604,0.5231989242770478,Low
3.4762672715324046,79.46879346982455,98.80551253216392,3.991067936180906,Medium
5.092519774771957,92.23568882418627,51.65657470666655,5.176004168966122,Medium
2.6432247504958593,70.96469233810883,51.068806248663385,1.71760799737054,Low
6.039658410894717,73.74322712503788,50.597385621938564,5.789669418776542,Medium
8.264662332915838,81.80752805401232,79.56457684204403,7.532273089172795,High
7.449458241375017,92.97019362604343,76.22809524875137,7.3783722819874935,High
0.7586146690269204,51.999614356023535,68.59376009662343,1.3105148415905046,Low
2.1292158245695623,59.36475425384645,44.0565548284736,0.38023632832776944,Low
6.39179148202159,100.0,100.0,5.079618591955809,High
0.6179742747580885,75.4269834491321,79.06181334382777,4.2943614110000805,Medium
2.6548397062365017,59.571766186884254,84.55458128157184,2.8186800702985333,Low
9.355902261629293,95.58022734808395,67.80833665290413,2.7426428928593287,High
4.455601346687242,100.0,100.0,5.987830197582374,High
3.485403942935094,57.53110666015395,87.19661305601092,4.237133837984777,Medium
5.928731391507797,73.93299705234703,55.39931742959448,3.5836836155266725,Medium
5.086243204567548,62.11283692279473,65.10700004709739,3.936910758523818,Low
2.031190561513112,72.00078956426862,55.042174445393435,2.6326701113763065,Low
0.9079955881562984,55.08097552493795,46.587856100698886,3.9652878621213454,Low
4.72565533834274,61.23447293958126,57.64096769542,3.6760592194746518,Medium
4.062314628722277,66.19711445966136,39.21335822826221,3.406216238760387,Low
1.031053731313197,53.646376111743706,80.74718143678889,4.452599591791279,Low
0.8012119900246195,48.103333409096386,50.01024228436224,3.9675401739089917,Low
4.275884716726951,73.75654610286776,81.73195002297189,2.3617876098569006,Medium
6.570007087611931,93.15474642344151,78.13650927498671,5.619485883686428,High
2.1840054739921935,53.952553354617876,38.30220580667542,1.4822529418253052,Low
4.437017687704341,37.944339429009304,66.22977213874913,2.7338818026144915,Low
5.484618909674044,88.97066196887133,49.756356826727014,5.0295303325218,Medium
1.6214697468105685,72.74875041278722,43.77179348142093,0.7416609889613954,Low
1.5622830966266839,66.51521991339506,50.51041116608348,2.1017577708754067,Low
0.0,48.62314329575183,51.67058902760078,0.0,Low
3.3246646657207384,57.98508466052482,47.313600724757656,4.162917508702835,Low
1.8832442044807969,59.93478684770542,55.937296716438844,1.2314386389849596,Low
1.7292801296140614,65.9879438956191,60.39283633726717,2.0837959097667453,Low
6.7896613517672915,66.68340488718081,61.01956318188995,1.5355254290179081,Low
8.44812936254853,87.65826201221505,75.2129428699826,7.719041362520123,High
0.8723134248572235,60.819955564135604,45.73767353106804,0.0,Low
4.360463605691685,84.57280404615241,87.92144292815406,3.9750844865111366,Medium
6.722668563795132,94.55822322146767,83.41970781360808,3.841271863753453,Medium
2.1699056158066465,67.04506539824723,29.40710822778404,1.3195454186124758,Low
2.84258303252395,87.89056687375519,75.27219850528303,6.589339818453449,Medium
3.378843401862805,60.838266279293606,20.326621259377845,0.6690058117163433,Low
6.997783871691509,100.0,90.70402353090554,7.1576942658534914,High
4.8099466643263185,64.09762795959497,78.46650525118966,2.5343791830591256,Low
3.6200720985719728,51.389120898264295,35.78160924096521,3.892278878803274,Low
1.3290171565118731,74.0336997012519,37.48515431762627,0.999216372833742,Low
9.921524542602668,100.0,100.0,4.900546651314362,High
5.101783265791105,75.56955978871518,46.85797727185531,5.644104861216098,Medium
6.27916051268333,75.20507032600757,60.50867455172441,4.637981962495165,Medium
2.7270992259417124,62.96575545140762,58.94661706372629,0.0,Low
3.7304650175136898,84.63184795267584,60.48571228465895,3.1910424783050946,Medium
1.0346752515238071,61.972922656312065,46.46045019183543,2.5795739807720914,Low
9.544941226371742,98.11308673442885,100.0,7.2566463323198835,High
1.4978370018401888,76.9995737457638,56.32319125304842,0.9811540202105675,Low
1.394527305137005,70.71543152234887,54.00227594443103,0.0,Low
0.5673161309759704,61.90635591265024,44.91316581094942,2.78483477860555,Low
2.6353985983901915,69.41310580767484,55.55091672903433,0.1695189650840363,Low
8.093787378864718,69.67476096472461,68.14400979850365,0.973991802816383,Medium
0.3987006286185908,63.979270499468086,56.86708414888677,0.0,Low
5.036329185009137,98.0930634973311,62.54601962323033,5.220971290296612,Medium
4.118330833123144,57.81954104607626,47.26146538430688,2.19292617560745,Low
4.880537913131428,71.52366071380915,55.15063311171979,3.6615154289316223,Medium
2.678557694374601,53.4791111140694,49.474885849906464,4.083536544444143,Low
0.40640970777968044,49.10366962657612,37.83498704556733,2.955987024534609,Low
5.6424606458114726,72.15238091872297,53.2893032475701,6.424450064082874,Medium
1.7192836024931768,56.29491901409971,53.87991721783082,0.0,Low
3.4785949935197946,45.94432980821358,53.1910966378649,1.9481740640690548,Low
9.781079077347126,95.15618333949602,100.0,3.574929937577979,High
11.88434546302792,100.0,83.53311645637352,5.655926502216799,High
2.8694497598203634,50.9224381985308,56.120792702551334,1.627076219349984,Low
2.48869447487325,75.19283923641768,58.26196358410495,2.9399204558946064,Low
5.291576452366004,85.10792088527595,76.67160711747393,4.068345821712848,Medium
1.4702505607839675,70.30580585624057,37.61519475796787,2.9351107074198732,Low
2.5077257651925366,53.42165446147863,52.24045223406783,3.0551601997083413,Low
1.5568978847914559,68.54525227066615,55.46210444081992,5.232393016074713,Low
5.252691464404421,69.08066099604687,70.10767700361913,3.5270550170708135,Medium
6.976396303411939,88.90247500836509,38.70283512443373,2.5884659490004314,Medium
0.4901861520805384,61.718393397935316,52.4073443596022,2.369125422974613,Low
3.7098178416935683,65.53251219984784,83.18796559095864,0.7965799592906848,Low
3.975672601009798,48.24405394375148,44.59941096864526,4.222941152654804,Low
4.822897209513382,71.04930157723395,59.07884353217018,3.575172941582151,Medium
0.0,65.97228218253385,55.600228395670975,1.1516354481890145,Low
1.0882670193583512,50.51651995775799,54.685673156998575,1.293026418273323,Low
6.9454918198416635,84.63206292099123,87.89102748124621,5.077626135207462,Medium
1.9656979065516769,46.32862193539754,31.131977661366683,1.7633795251527722,Low
3.5010466515576337,88.48174212666669,80.97070378862489,3.0374997698044264,Medium
1.242837618157674,47.67476685231491,58.85633091877195,4.498027876435296,Low
3.2609300397568295,65.52299937679523,47.867801945891806,0.7157452390073749,Low
2.820100352302069,66.25630933646,55.08030976882535,2.0533491110494904,Low
4.641601851245459,73.03228181570425,85.44186222397536,4.978459227415346,Medium
7.449763382277968,100.0,100.0,3.55299733437439,High
4.412362776434267,82.60442263333556,52.85471031889407,4.720390752108887,Medium
0.6163847232522461,54.61158143807262,62.30237280133227,0.41733848677932595,Low
7.423063534204163,69.91445315923792,69.02967092451222,5.234174171251004,Medium
1.5165192961829903,40.373743083274206,51.09311147023273,0.5560234821215355,Low
3.825737781238245,63.496500472996935,51.097954865025415,3.0391535477732905,Low
10.281974077883678,79.35197228637945,87.7463551680261,7.65874959944207,High
3.4974663472219403,60.95344199441308,67.87561245660598,3.2921547884492073,Low
1.3525695309229273,57.36551783917751,48.74423060226182,2.3769749723571536,Low
2.605595135504914,66.79142775438196,33.20680807425247,1.6530485856054509,Low
1.9637065904136257,56.97954500510136,44.09705216045407,1.1353706354977342,Low
0.6444472089048077,56.70552213652908,52.68042075215713,4.206552036225656,Low
5.486538922582405,87.31870704288295,88.43822176445576,2.950757169748535,Medium
0.23144031326029624,63.35058029084117,59.0464202742325,0.4444008896450058,Low
9.781519082692345,98.16155957182778,77.24197081879434,6.998053402549245,High
4.30307405405241,84.69267589808527,100.0,2.805794795220257,Medium
2.301739483809259,44.64427876792894,53.97162966466969,0.5749047538008092,Low
2.424931807319213,67.56788679986983,69.13086106998523,0.0,Low
1.611642539443884,66.12468794013603,47.72428349634156,1.2756352408092235,Low
5.880040702212912,69.83316871423503,78.00038867058174,3.8759274641552603,Medium
1.2876445150662135,57.55919526325799,62.59202756777607,2.3646375914910482,Low
6.306945946185866,79.6069271237237,88.27292067631384,5.426959366449225,Medium
0.0,58.655032155982674,65.86052458067337,2.790346885498691,Low
5.189569369319618,83.33859966568535,83.08295500109466,3.7136916706702303,Medium
4.908393498587428,74.31366781831184,45.27369903208837,1.7027064854304201,Low
0.4995030130916378,70.81766727672829,41.42380937065908,2.7652362033727753,Low
6.983382544212723,81.87780806568594,94.98911265486296,7.908855244392854,High
5.770861774488372,86.22069990306049,83.99692108511604,4.189471299224801,Medium
2.269372672909397,73.28933319535409,46.6591894883509,1.2963037186843867,Low
8.525945148910338,98.86808520689203,100.0,4.510700998371682,High
2.7337806952214954,70.90980425185967,71.78925118229269,0.0,Low
8.952082202842655,100.0,76.2551862138987,6.999404508065284,High
6.664549762934335,90.23709546106981,57.4461894430558,4.866967785459336,Medium
2.614727985392769,62.49308595641729,47.894374116419954,2.8660452876599924,Low
1.6381135180721862,70.45088474084753,54.614190022837946,1.8070108304719161,Low
3.008860551804097,61.44887833096891,42.131494793494234,4.1104021188376265,Low
7.849822902342823,80.23903043284956,90.28304018300716,3.2738222581227734,Medium
4.801049380426139,76.48585764286267,76.36100292277676,5.4329038558108085,Medium
0.5382060429940378,75.63413358832108,50.59170572361109,1.9418856575156855,Low
3.6606210039304594,51.81571334057999,28.461357141972087,1.0874738529809935,Low
4.819428254069603,95.32367724678116,50.262762753587396,4.888795460976642,Medium
4.740995680978946,99.99864123740372,94.2151387542271,6.614454178025991,High
6.271132515725633,66.00693825198059,38.01106560767745,4.535459138900389,Medium
1.197007721069116,63.67649292991422,65.18956114466107,2.121917633084298,Low
1.8642000765437587,38.99973492348376,47.627692334415194,1.9431603774247537,Low
2.497970495853522,66.25508016831036,98.64639454392099,5.582557989305657,Low
8.285749519668599,100.0,100.0,7.776384967794259,High
3.064177725708559,54.07644044347946,47.27826396128725,3.0842403424782683,Low
4.346770444145235,81.23547695955583,68.40494496203027,4.1676987373050824,Medium
2.769658697264124,79.54157433750287,64.93372271003045,3.5107358008950036,Low
4.610679983624125,74.94253295738064,95.54758914877057,4.776992164587178,Medium
6.108215721331255,69.410924129434,45.42956413845975,4.039307129161053,Medium
5.92305122601958,94.81663402462598,43.204368019679706,3.5446535121011276,Medium
0.596841946933107,79.62587190530795,40.66947791668428,1.8786239935059676,Low
3.6289731742625486,60.03695671847847,58.74106374760797,0.0,Low
1.196054832328928,70.11463035408356,57.453103857613954,2.3159012589464627,Low
9.212086697421718,100.0,100.0,5.267285879834461,High
8.55093097010201,87.57515767461616,72.00453707452039,8.389004997424326,High
7.757275515192684,75.14694164632132,35.25784205546685,4.0290161062176315,Medium
4.6648010264422215,92.30874513154735,82.87021292953219,2.216554870697557,Medium
4.4760248058227035,96.85014278708509,57.57705590552148,3.9251797688078236,Medium
1.970870591168401,65.62880860174354,20.0,0.43081837240624354,Low
7.545230325748587,86.20185646497946,92.17595618939072,6.7101111235687,High
3.199912852913075,79.87061111699441,61.897635323280156,2.436421046509228,Low
0.0,54.690291021880356,48.16914301818084,3.4367594466624016,Low
3.419476371280469,76.64862218828549,63.13227420726266,2.813677312458152,Medium
0.39829561763121024,63.423378344896214,47.6095665178114,2.05101214434222,Low
3.4254613879603637,75.54160420714774,44.44125856398826,0.0,Low
7.565920058872888,88.53975976552223,49.779293320897494,5.0522421728870714,Medium
1.8433261721937928,64.1486550036191,39.279789845143526,2.778306770660183,Low
4.746767415214984,84.63288530118106,77.81919857520722,4.743707531541356,Medium
2.1050782446697722,60.43514668643466,54.8251781206475,2.0024285470354117,Low
3.7428174539122856,65.58139514518507,52.520897089502306,2.6221593361831865,Low
0.608970298714139,34.70439922305697,35.07277277219931,4.406508662462894,Low
2.3575534741021777,57.033925409302014,47.27745256796499,1.572358614436979,Low
6.462796444673645,82.4132193491678,37.34402430335718,4.207967775565127,Medium
2.7516412549097677,48.48985916380493,52.67714995828084,0.3708105512278852,Low
5.284372424898115,83.86323317811559,91.4328656172035,2.6976085576025017,Medium
3.5015691388507117,57.95528779013878,27.888018019368413,2.146719939639961,Low
0.9451515605011442,97.5547569831549,61.21108490023367,5.655900320052861,Medium
9.016812979296361,100.0,94.93660168065195,5.615578763622642,High
4.0188864753088644,75.34194430881837,88.79263951641225,3.6461252060318143,Medium
0.0,58.49162288433305,43.276630755497756,1.389672133243438,Low
2.766803899287471,59.260524343916074,39.616245061011554,1.1978649937335153,Low
4.060487817744437,55.483405238403776,20.466152863758754,2.4424571835632323,Low
4.793827228058462,81.95024984028127,71.5515719396216,1.754113532232033,Medium
3.429311820804408,52.4171793111241,80.63114060215617,3.921409365000091,Low
4.418417386982968,48.693846650624735,54.16037692947014,1.0018665528058093,Low
6.972371680376071,86.22711223900268,69.6658153122443,5.082855228157213,Medium
4.459946794057089,66.29529584221811,54.83123466150478,0.09500210390918618,Low
6.113191236607838,71.95684240340007,69.83361994077097,5.003260195819327,Medium
2.113150458352389,68.95355430762599,37.80478441609805,3.0079169117217464,Low
0.0,53.68422270834669,62.34919873516558,2.5763031080088448,Low
4.630906267805077,82.53165238037981,73.38642284667631,2.5083572173003117,Medium
0.7351301070257124,68.20344012612456,50.26419877900486,2.3743222843971155,Low
8.25641407624672,79.66387435296286,55.369509590826254,2.2254157228984166,Medium
1.7361712813514951,64.54740912141135,69.55261897902139,1.620855117355722,Low
2.1848072101767286,54.835703561124284,59.97054117999665,3.544119651432989,Low
5.8272280640607015,78.03533416571902,61.70618743949047,5.195052890606113,Medium
5.06540366955868,77.9414056911966,85.02737280522906,4.02277441381065,Medium
7.542576560646129,72.53421653459762,62.536437424221894,2.537790136115737,Medium
1.0660259573983222,58.23225836884218,38.26994761233445,2.9683815682612904,Low
5.2919111828558645,64.51381701136253,58.604453237795695,4.029071856547038,Medium
0.8862941214529276,55.08846252857895,23.433971703678633,0.0,Low
0.019966233168941194,57.15124506630329,57.073135706273085,3.173944739474777,Low
7.082346363642072,92.4382024750462,62.53282682492475,5.963650749195462,High
1.9444448044273819,57.58502554129221,31.573342531013562,3.8036768719746084,Low
7.35604666322411,94.38235800139871,58.866179863822,4.357094221735792,High
0.9613685301892161,64.79441518086064,48.7089546081366,0.0,Low
